"1","1","0MM1PM68","PRESENT","2018-10-28 11:46:33","2018-10-28 11:46:33"
"2","1","6MOK02P3","PRESENT","2018-10-28 11:46:33","2018-10-28 11:46:33"
"3","1","0OK9216O","PRESENT","2018-10-28 11:46:33","2018-10-28 11:46:33"
"4","1","78CO2M41","PRESENT","2018-10-28 11:46:33","2018-10-28 11:46:33"
"5","1","89696523","PRESENT","2018-10-28 11:46:33","2018-10-28 11:46:33"
"6","1","97525864","PRESENT","2018-10-28 11:46:33","2018-10-28 11:46:33"
"7","1","1C71O88M","PRESENT","2018-10-28 11:46:33","2018-10-28 11:46:33"
"8","1","O9K5CC3M","PRESENT","2018-10-28 11:46:33","2018-10-28 11:46:33"
"9","1","8C82C7P1","PRESENT","2018-10-28 11:46:33","2018-10-28 11:46:33"
"10","1","85135K6O","PRESENT","2018-10-28 11:46:33","2018-10-28 11:46:33"
"11","1","34C414KM","PRESENT","2018-10-28 11:46:33","2018-10-28 11:46:33"
"12","1","66949070","PRESENT","2018-10-28 11:46:33","2018-10-28 11:46:33"
"13","1","O1236P8P","PRESENT","2018-10-28 11:46:33","2018-10-28 11:46:33"
"14","1","339M702K","PRESENT","2018-10-28 11:46:33","2018-10-28 11:46:33"
"15","1","2215238P","PRESENT","2018-10-28 11:46:33","2018-10-28 11:46:33"
"16","1","97PPOK30","PRESENT","2018-10-28 11:46:34","2018-10-28 11:46:34"
"17","1","OC819MO4","PRESENT","2018-10-28 11:46:34","2018-10-28 11:46:34"
"18","1","9COCMC56","PRESENT","2018-10-28 11:46:34","2018-10-28 11:46:34"
"19","1","6P8CO4M8","PRESENT","2018-10-28 11:46:34","2018-10-28 11:46:34"
"20","1","11O3KM8M","PRESENT","2018-10-28 11:46:34","2018-10-28 11:46:34"
"21","1","9116O9CK","PRESENT","2018-10-28 11:46:34","2018-10-28 11:46:34"
"22","1","5535OCO0","PRESENT","2018-10-28 11:46:34","2018-10-28 11:46:34"
"23","1","12338701","PRESENT","2018-10-28 11:46:34","2018-10-28 11:46:34"
"24","1","2P41P5C8","PRESENT","2018-10-28 11:46:34","2018-10-28 11:46:34"
"25","1","39CCO6C5","PRESENT","2018-10-28 11:46:34","2018-10-28 11:46:34"
"26","1","6O0M7P74","PRESENT","2018-10-28 11:46:34","2018-10-28 11:46:34"
"27","1","O4CO3K99","PRESENT","2018-10-28 11:46:34","2018-10-28 11:46:34"
"28","1","67594092","PRESENT","2018-10-28 11:46:34","2018-10-28 11:46:34"
"29","1","12665KMK","PRESENT","2018-10-28 11:46:34","2018-10-28 11:46:34"
"30","1","531KK175","PRESENT","2018-10-28 11:46:34","2018-10-28 11:46:34"
"31","1","P91P347P","PRESENT","2018-10-28 11:46:34","2018-10-28 11:46:34"
"32","1","985K4KKO","PRESENT","2018-10-28 11:46:34","2018-10-28 11:46:34"
"33","1","K73468MP","PRESENT","2018-10-28 11:46:34","2018-10-28 11:46:34"
"34","1","8MOM1738","PRESENT","2018-10-28 11:46:34","2018-10-28 11:46:34"
"35","1","OPKOC2M7","PRESENT","2018-10-28 11:46:34","2018-10-28 11:46:34"
"36","1","C319K3MP","PRESENT","2018-10-28 11:46:34","2018-10-28 11:46:34"
"37","1","958OM2K9","PRESENT","2018-10-28 11:46:34","2018-10-28 11:46:34"
"38","1","837K945P","PRESENT","2018-10-28 11:46:35","2018-10-28 11:46:35"
"39","1","88C99P4O","PRESENT","2018-10-28 11:46:35","2018-10-28 11:46:35"
"40","1","C806C4C6","PRESENT","2018-10-28 11:46:35","2018-10-28 11:46:35"
"41","1","3M3M8310","PRESENT","2018-10-28 11:46:35","2018-10-28 11:46:35"
"42","1","8C6C5995","PRESENT","2018-10-28 11:46:35","2018-10-28 11:46:35"
"43","1","3CP886P1","PRESENT","2018-10-28 11:46:35","2018-10-28 11:46:35"
"44","1","2124PMKC","PRESENT","2018-10-28 11:46:35","2018-10-28 11:46:35"
"45","1","177CPM45","PRESENT","2018-10-28 11:46:35","2018-10-28 11:46:35"
"46","1","6233P602","PRESENT","2018-10-28 11:46:35","2018-10-28 11:46:35"
"47","1","C75640M6","PRESENT","2018-10-28 11:46:35","2018-10-28 11:46:35"
"48","1","CP5KOM25","PRESENT","2018-10-28 11:46:35","2018-10-28 11:46:35"
"49","1","404902P5","PRESENT","2018-10-28 11:46:35","2018-10-28 11:46:35"
"50","1","82690372","PRESENT","2018-10-28 11:46:35","2018-10-28 11:46:35"
"51","1","K278O182","PRESENT","2018-10-28 11:46:35","2018-10-28 11:46:35"
"52","1","5869C4O7","PRESENT","2018-10-28 11:46:35","2018-10-28 11:46:35"
"53","1","PO596PPK","PRESENT","2018-10-28 11:46:35","2018-10-28 11:46:35"
"54","1","6CMPC22C","PRESENT","2018-10-28 11:46:35","2018-10-28 11:46:35"
"55","1","8PC8K526","PRESENT","2018-10-28 11:46:35","2018-10-28 11:46:35"
"56","1","9O255M96","PRESENT","2018-10-28 11:46:35","2018-10-28 11:46:35"
"57","1","93O4OP56","PRESENT","2018-10-28 11:46:35","2018-10-28 11:46:35"
"58","1","M1521C97","PRESENT","2018-10-28 11:46:35","2018-10-28 11:46:35"
"59","1","O67PM8MO","PRESENT","2018-10-28 11:46:35","2018-10-28 11:46:35"
"60","1","6MKPPK98","PRESENT","2018-10-28 11:46:35","2018-10-28 11:46:35"
